locator	band	domain	subdomain	task_L3	current_disposition	recommendation	merged_with	roadmap_wave	knowledge_pack	rationale	class	coverage_via	box_trigger	box_input	box_output	box_refuses	four_box_status
A/1/1.1/ADME and routes of elimination	A	Scientific foundations	Drug disposition	ADME and routes of elimination	gap	OWN-SKILL (new; loads module)	NONE	Next	shared/modules/mass-balance-ame.md	Own skill for this L3; keep module/tool as knowledge: shared/modules/mass-balance-ame.md	skill	self	Please review the materials for ADME and routes of elimination and produce a sourced finding register — do not decide the clinical or regulatory outcome.	Primary package for ADME and routes of elimination	Source-linked finding register with denominators	Decide the outcome of ADME and routes of elimination; approve or submit related documents; select or adjust a dose; speak for the sponsor to an agency	RECORDED
A/1/1.1/Metabolite profiling and MIST	A	Scientific foundations	Drug disposition	Metabolite profiling and MIST	gap	OWN-SKILL (new; loads module)	NONE	Next	shared/modules/mass-balance-ame.md	Own skill for this L3; keep module/tool as knowledge: shared/modules/mass-balance-ame.md	skill	self	Please review the materials for Metabolite profiling and MIST and produce a sourced finding register — do not decide the clinical or regulatory outcome.	Primary package for Metabolite profiling and MIST	Source-linked finding register with denominators	Decide the outcome of Metabolite profiling and MIST; approve or submit related documents; select or adjust a dose; speak for the sponsor to an agency	RECORDED
A/1/1.1/Enzyme and transporter biology	A	Scientific foundations	Drug disposition	Enzyme and transporter biology	gap	OWN-SKILL (new)	NONE	Next		Default L3 = own skill	shared-reference	carried by L3: In-vitro DDI package	no distinct invocation	no distinct input class	no independent artifact	n/a - knowledge, not a decision	RECORDED
A/1/1.1/Protein binding and tissue distribution	A	Scientific foundations	Drug disposition	Protein binding and tissue distribution	gap	OWN-SKILL (new; loads module)	NONE	Next	shared/modules/hepatic-impairment.md; shared/modules/renal-impairment.md	Own skill for this L3; keep module/tool as knowledge: shared/modules/hepatic-impairment.md; shared/modules/renal-impairment.md	shared-reference	carried by L3: Hepatic impairment	no distinct invocation	no distinct input class	no independent artifact	n/a - knowledge, not a decision	RECORDED
A/1/1.2/Non-compartmental analysis	A	Scientific foundations	Exposure characterisation	Non-compartmental analysis	skill	OWN-SKILL (exists)	NONE	Now		Package present: verify-nca-outputs. Keep; narrow/split if fat.	skill	self					PENDING-AUTHORING
A/1/1.2/Parameter plausibility and unit integrity	A	Scientific foundations	Exposure characterisation	Parameter plausibility and unit integrity	gap	OWN-SKILL (new; wraps tool)	NONE	Next	shared/tools/pk_plausibility.py	Own skill journey wrapping tool: shared/tools/pk_plausibility.py	skill	self	Please review the materials for Parameter plausibility and unit integrity and produce a sourced finding register — do not decide the clinical or regulatory outcome.	Primary package for Parameter plausibility and unit integrity	Source-linked finding register with denominators	Decide the outcome of Parameter plausibility and unit integrity; approve or submit related documents; select or adjust a dose; speak for the sponsor to an agency	RECORDED
A/1/1.2/Dose proportionality, accumulation, time dependency	A	Scientific foundations	Exposure characterisation	Dose proportionality, accumulation, time dependency	gap	OWN-SKILL (new; loads module)	NONE	Next	shared/modules/dose-proportionality-accumulation.md	Own skill for this L3; keep module/tool as knowledge: shared/modules/dose-proportionality-accumulation.md	skill	self	Please review the materials for Dose proportionality, accumulation, time dependency and produce a sourced finding register — do not decide the clinical or regulatory outcome.	Primary package for Dose proportionality, accumulation, time dependency	Source-linked finding register with denominators	Decide the outcome of Dose proportionality, accumulation, time dependency; approve or submit related documents; select or adjust a dose; speak for the sponsor to an agency	RECORDED
A/1/1.2/Phase 0 and microdosing approaches	A	Scientific foundations	Exposure characterisation	Phase 0 and microdosing approaches	gap	OWN-SKILL (new)	NONE	Next		Default L3 = own skill	shared-reference	carried by L3: Study versus model versus waiver decisions	no distinct invocation	no distinct input class	no independent artifact	n/a - knowledge, not a decision	RECORDED
A/1/1.3/Pharmacodynamics and biomarkers	A	Scientific foundations	Response characterisation	Pharmacodynamics and biomarkers	gap	OWN-SKILL (new)	NONE	Next		Default L3 = own skill	shared-reference	carried by L3: Biomarker fit-for-purpose	no distinct invocation	no distinct input class	no independent artifact	n/a - knowledge, not a decision	RECORDED
A/1/1.3/Target engagement	A	Scientific foundations	Response characterisation	Target engagement	gap	OWN-SKILL (new)	NONE	Next		Default L3 = own skill	shared-reference	carried by L3: Biomarker and target-engagement strategy	no distinct invocation	no distinct input class	no independent artifact	n/a - knowledge, not a decision	RECORDED
A/1/1.3/Exposure-response relationships	A	Scientific foundations	Response characterisation	Exposure-response relationships	gap	OWN-SKILL (new; was asset-only)	NONE	Next	shared/assets/review-rubric-library.md	Promote from shared asset to skill: shared/assets/review-rubric-library.md	skill	self	Please review the materials for Exposure-response relationships and produce a sourced finding register — do not decide the clinical or regulatory outcome.	Primary package for Exposure-response relationships	Source-linked finding register with denominators	Decide the outcome of Exposure-response relationships; approve or submit related documents; select or adjust a dose; speak for the sponsor to an agency	RECORDED
A/1/1.4/Bioanalytical assays and validation	A	Scientific foundations	Measurement science	Bioanalytical assays and validation	skill	OWN-SKILL (exists)	NONE	Now		Package present: review-bioanalytical-report. Keep; narrow/split if fat.	skill	self					PENDING-AUTHORING
A/1/1.4/Immunogenicity assays	A	Scientific foundations	Measurement science	Immunogenicity assays	gap	OWN-SKILL (new; loads module)	NONE	Next	shared/modules/immunogenicity-ada.md	Own skill for this L3; keep module/tool as knowledge: shared/modules/immunogenicity-ada.md	skill	self	Please review the materials for Immunogenicity assays and produce a sourced finding register — do not decide the clinical or regulatory outcome.	Primary package for Immunogenicity assays	Source-linked finding register with denominators	Decide the outcome of Immunogenicity assays; approve or submit related documents; select or adjust a dose; speak for the sponsor to an agency	RECORDED
A/1/1.4/Biomarker fit-for-purpose	A	Scientific foundations	Measurement science	Biomarker fit-for-purpose	gap	OWN-SKILL (new)	NONE	Next		Default L3 = own skill	skill	self	Please review the materials for Biomarker fit-for-purpose and produce a sourced finding register — do not decide the clinical or regulatory outcome.	Primary package for Biomarker fit-for-purpose	Source-linked finding register with denominators	Decide the outcome of Biomarker fit-for-purpose; approve or submit related documents; select or adjust a dose; speak for the sponsor to an agency	RECORDED
A/1/1.4/Multi-analyte strategies for ADCs	A	Scientific foundations	Measurement science	Multi-analyte strategies for ADCs	skill	OWN-SKILL (exists)	NONE	Now		Package present: review-adc-analyte-strategy. Keep; narrow/split if fat.	skill	self					PENDING-AUTHORING
A/1/1.5/Small molecule	A	Scientific foundations	Modality-specific pharmacology	Small molecule	gap	OWN-SKILL (new; loads module)	NONE	Next	shared/modules/ (15 modules, no modality restriction)	Own skill for this L3; keep module/tool as knowledge: shared/modules/ (15 modules, no modality restriction)	context	shared/contexts/modality/small-molecule.md (composed by all skills)	no utterance names it alone	any / all	none of its own	n/a - not a workflow	RECORDED
A/1/1.5/Therapeutic protein and monoclonal antibody	A	Scientific foundations	Modality-specific pharmacology	Therapeutic protein and monoclonal antibody	gap	OWN-SKILL (new; loads module)	NONE	Next	shared/modules/biologics-mab-pk.md	Own skill for this L3; keep module/tool as knowledge: shared/modules/biologics-mab-pk.md	context	shared/contexts/modality/mab.md (composed by all skills)	no utterance names it alone	any / all	none of its own	n/a - not a workflow	RECORDED
A/1/1.5/Antibody-drug conjugate	A	Scientific foundations	Modality-specific pharmacology	Antibody-drug conjugate	skill	OWN-SKILL (exists)	NONE	Now		Package present: review-adc-analyte-strategy. Keep; narrow/split if fat.	context	shared/contexts/modality/adc.md (composed by all skills)	no utterance names it alone	any / all	none of its own	n/a - not a workflow	RECORDED
A/1/1.5/Oligonucleotide	A	Scientific foundations	Modality-specific pharmacology	Oligonucleotide	gap	OWN-SKILL (new)	NONE	Next		Default L3 = own skill	context	shared/contexts/modality/oligonucleotide.md (composed by all skills)	no utterance names it alone	any / all	none of its own	n/a - not a workflow	RECORDED
A/1/1.5/Cell, gene and regenerative	A	Scientific foundations	Modality-specific pharmacology	Cell, gene and regenerative	gap	OWN-SKILL (new)	NONE	Next		Default L3 = own skill	context	shared/contexts/modality/cell-gene.md (composed by all skills)	no utterance names it alone	any / all	none of its own	n/a - not a workflow	RECORDED
A/1/1.5/Vaccine and radioligand	A	Scientific foundations	Modality-specific pharmacology	Vaccine and radioligand	gap	OWN-SKILL (new; was oos)	NONE	Next		In product; build Next/Later	context	shared/contexts/modality/vaccine-radioligand.md (composed by all skills)	no utterance names it alone	any / all	none of its own	n/a - not a workflow	RECORDED
A/1/1.6/Oncology	A	Scientific foundations	Therapeutic-area pharmacology	Oncology	gap	OWN-SKILL (new; loads module)	NONE	Next	shared/modules/oncology-dose-optimization.md	Own skill for this L3; keep module/tool as knowledge: shared/modules/oncology-dose-optimization.md	context	shared/contexts/therapeutic-area/oncology.md (composed by all skills)	no utterance names it alone	any / all	none of its own	n/a - not a workflow	RECORDED
A/1/1.6/Infectious disease - PTA and MIC target attainment	A	Scientific foundations	Therapeutic-area pharmacology	Infectious disease - PTA and MIC target attainment	gap	OWN-SKILL (new)	NONE	Next		Default L3 = own skill	skill	self	Please review the materials for Infectious disease - PTA and MIC target attainment and produce a sourced finding register — do not decide the clinical or regulatory outcome.	Primary package for Infectious disease - PTA and MIC target attainment	Source-linked finding register with denominators	Decide the outcome of Infectious disease - PTA and MIC target attainment; approve or submit related documents; select or adjust a dose; speak for the sponsor to an agency	RECORDED
A/1/1.6/Rare disease and small-n	A	Scientific foundations	Therapeutic-area pharmacology	Rare disease and small-n	gap	OWN-SKILL (new; was oos)	NONE	Next		In product; build Next/Later	context	shared/contexts/therapeutic-area/rare-disease.md (composed by all skills)	no utterance names it alone	any / all	none of its own	n/a - not a workflow	RECORDED
A/1/1.6/Neuroscience and CNS penetration	A	Scientific foundations	Therapeutic-area pharmacology	Neuroscience and CNS penetration	gap	OWN-SKILL (new)	NONE	Next		Default L3 = own skill	context	shared/contexts/therapeutic-area/cns.md (composed by all skills)	no utterance names it alone	any / all	none of its own	n/a - not a workflow	RECORDED
A/1/1.6/Cardiometabolic and immunology	A	Scientific foundations	Therapeutic-area pharmacology	Cardiometabolic and immunology	gap	OWN-SKILL (new)	NONE	Next		Default L3 = own skill	context	shared/contexts/therapeutic-area/cardiometabolic-immunology.md (composed by all skills)	no utterance names it alone	any / all	none of its own	n/a - not a workflow	RECORDED
A/2/2.1/Population PK and covariate modelling	A	Quantitative pharmacology	Pharmacometrics	Population PK and covariate modelling	skill	OWN-SKILL (exists)	NONE	Now		Package present: review-model-analysis-deliverable. Keep; narrow/split if fat.	skill	self					PENDING-AUTHORING
A/2/2.1/Exposure-response modelling	A	Quantitative pharmacology	Pharmacometrics	Exposure-response modelling	gap	OWN-SKILL (new; was asset-only)	NONE	Next	shared/assets/review-rubric-library.md	Promote from shared asset to skill: shared/assets/review-rubric-library.md	skill	self	Please review the materials for Exposure-response modelling and produce a sourced finding register — do not decide the clinical or regulatory outcome.	Primary package for Exposure-response modelling	Source-linked finding register with denominators	Decide the outcome of Exposure-response modelling; approve or submit related documents; select or adjust a dose; speak for the sponsor to an agency	RECORDED
A/2/2.1/Model-based meta-analysis	A	Quantitative pharmacology	Pharmacometrics	Model-based meta-analysis	gap	OWN-SKILL (new; was oos)	NONE	Later		In product; build Next/Later	skill	self	Please review the materials for Model-based meta-analysis and produce a sourced finding register — do not decide the clinical or regulatory outcome.	Primary package for Model-based meta-analysis	Source-linked finding register with denominators	Decide the outcome of Model-based meta-analysis; approve or submit related documents; select or adjust a dose; speak for the sponsor to an agency	RECORDED
A/2/2.1/Disease-progression modelling	A	Quantitative pharmacology	Pharmacometrics	Disease-progression modelling	gap	OWN-SKILL (new; was oos)	NONE	Later		In product; build Next/Later	skill	self	Please review the materials for Disease-progression modelling and produce a sourced finding register — do not decide the clinical or regulatory outcome.	Primary package for Disease-progression modelling	Source-linked finding register with denominators	Decide the outcome of Disease-progression modelling; approve or submit related documents; select or adjust a dose; speak for the sponsor to an agency	RECORDED
A/2/2.1/Model evaluation and diagnostics	A	Quantitative pharmacology	Pharmacometrics	Model evaluation and diagnostics	gap	OWN-SKILL (refuse-boundary)	NONE	Next		Own skill; prepare only — refuse decide/sign/negotiate	skill	self	Please assess the materials for Model evaluation and diagnostics and produce a sourced finding register — do not decide the clinical or regulatory outcome.	Primary package for Model evaluation and diagnostics	Source-linked finding register with denominators	Decide the outcome of Model evaluation and diagnostics; approve or submit related documents; select or adjust a dose; speak for the sponsor to an agency	RECORDED
A/2/2.1/Model analysis plan and report (MAP/MAR)	A	Quantitative pharmacology	Pharmacometrics	Model analysis plan and report (MAP/MAR)	skill	OWN-SKILL (exists)	NONE	Now		Package present: review-model-analysis-deliverable. Keep; narrow/split if fat.	skill	self					PENDING-AUTHORING
A/2/2.2/PBPK and biopharmaceutics modelling	A	Quantitative pharmacology	Mechanistic and systems modelling	PBPK and biopharmaceutics modelling	gap	OWN-SKILL (new; was asset-only)	NONE	Next	shared/assets/review-rubric-library.md	Promote from shared asset to skill: shared/assets/review-rubric-library.md	skill	self	Please review the materials for PBPK and biopharmaceutics modelling and produce a sourced finding register — do not decide the clinical or regulatory outcome.	Primary package for PBPK and biopharmaceutics modelling	Source-linked finding register with denominators	Decide the outcome of PBPK and biopharmaceutics modelling; approve or submit related documents; select or adjust a dose; speak for the sponsor to an agency	RECORDED
A/2/2.2/Quantitative systems pharmacology	A	Quantitative pharmacology	Mechanistic and systems modelling	Quantitative systems pharmacology	gap	OWN-SKILL (new; was oos)	NONE	Later		In product; build Next/Later	skill	self	Please review the materials for Quantitative systems pharmacology and produce a sourced finding register — do not decide the clinical or regulatory outcome.	Primary package for Quantitative systems pharmacology	Source-linked finding register with denominators	Decide the outcome of Quantitative systems pharmacology; approve or submit related documents; select or adjust a dose; speak for the sponsor to an agency	RECORDED
A/2/2.2/Agent-based models	A	Quantitative pharmacology	Mechanistic and systems modelling	Agent-based models	gap	OWN-SKILL (new; was oos)	NONE	Later		In product; build Next/Later	skill	self	Please review the materials for Agent-based models and produce a sourced finding register — do not decide the clinical or regulatory outcome.	Primary package for Agent-based models	Source-linked finding register with denominators	Decide the outcome of Agent-based models; approve or submit related documents; select or adjust a dose; speak for the sponsor to an agency	RECORDED
A/2/2.3/Bioequivalence statistics - TOST and confidence intervals	A	Quantitative pharmacology	Statistics for clinical pharmacology	Bioequivalence statistics - TOST and confidence intervals	gap	OWN-SKILL (new; wraps tool)	NONE	Next	shared/tools/pk_plausibility.py; shared/modules/ba-be-formulation-bridging.md	Own skill journey wrapping tool: shared/tools/pk_plausibility.py; shared/modules/ba-be-formulation-bridging.md	skill	self	Please review the materials for Bioequivalence statistics - TOST and confidence intervals and produce a sourced finding register — do not decide the clinical or regulatory outcome.	Primary package for Bioequivalence statistics - TOST and confidence intervals	Source-linked finding register with denominators	Decide the outcome of Bioequivalence statistics - TOST and confidence intervals; approve or submit related documents; select or adjust a dose; speak for the sponsor to an agency	RECORDED
A/2/2.3/Sample size and power	A	Quantitative pharmacology	Statistics for clinical pharmacology	Sample size and power	gap	OWN-SKILL (refuse-boundary)	NONE	Next		Own skill; prepare only — refuse decide/sign/negotiate	skill	self	Please review the materials for Sample size and power and produce a sourced finding register — do not decide the clinical or regulatory outcome.	Primary package for Sample size and power	Source-linked finding register with denominators	Decide the outcome of Sample size and power; approve or submit related documents; select or adjust a dose; speak for the sponsor to an agency	RECORDED
A/2/2.3/Multiplicity and inference in exposure-response	A	Quantitative pharmacology	Statistics for clinical pharmacology	Multiplicity and inference in exposure-response	gap	OWN-SKILL (refuse-boundary)	NONE	Next		Own skill; prepare only — refuse decide/sign/negotiate	skill	self	Please review the materials for Multiplicity and inference in exposure-response and produce a sourced finding register — do not decide the clinical or regulatory outcome.	Primary package for Multiplicity and inference in exposure-response	Source-linked finding register with denominators	Decide the outcome of Multiplicity and inference in exposure-response; approve or submit related documents; select or adjust a dose; speak for the sponsor to an agency	RECORDED
A/2/2.4/AI/ML methods in drug development	A	Quantitative pharmacology	AI, machine learning and informatics	AI/ML methods in drug development	gap	OWN-SKILL (new; was oos)	NONE	Later		In product; build Next/Later	shared-reference	carried by L3: AI/ML workflow automation	no distinct invocation	no distinct input class	no independent artifact	n/a - knowledge, not a decision	RECORDED
A/2/2.4/Analysis dataset standards and provenance	A	Quantitative pharmacology	AI, machine learning and informatics	Analysis dataset standards and provenance	gap	OWN-SKILL (new; was asset-only)	NONE	Next	shared/assets/review-rubric-library.md	Promote from shared asset to skill: shared/assets/review-rubric-library.md	skill	self	Please review the materials for Analysis dataset standards and provenance and produce a sourced finding register — do not decide the clinical or regulatory outcome.	Primary package for Analysis dataset standards and provenance	Source-linked finding register with denominators	Decide the outcome of Analysis dataset standards and provenance; approve or submit related documents; select or adjust a dose; speak for the sponsor to an agency	RECORDED
A/2/2.4/CDISC PK domains (PC, PP) and define.xml	A	Quantitative pharmacology	AI, machine learning and informatics	CDISC PK domains (PC, PP) and define.xml	gap	OWN-SKILL (new)	NONE	Next		Default L3 = own skill	skill	self	Please review the materials for CDISC PK domains (PC, PP) and define.xml and produce a sourced finding register — do not decide the clinical or regulatory outcome.	Primary package for CDISC PK domains (PC, PP) and define.xml	Source-linked finding register with denominators	Decide the outcome of CDISC PK domains (PC, PP) and define.xml; approve or submit related documents; select or adjust a dose; speak for the sponsor to an agency	RECORDED
A/2/2.4/Computational environment and reproducibility	A	Quantitative pharmacology	AI, machine learning and informatics	Computational environment and reproducibility	gap	OWN-SKILL (new)	NONE	Next		Default L3 = own skill	skill	self	Please review the materials for Computational environment and reproducibility and produce a sourced finding register — do not decide the clinical or regulatory outcome.	Primary package for Computational environment and reproducibility	Source-linked finding register with denominators	Decide the outcome of Computational environment and reproducibility; approve or submit related documents; select or adjust a dose; speak for the sponsor to an agency	RECORDED
B/3/3.1/Clinical pharmacology development plan	B	Evidence strategy	Programme planning	Clinical pharmacology development plan	skill	OWN-SKILL (exists)	NONE	Now		Package present: assess-development-plan-gaps. Keep; narrow/split if fat.	skill	self					PENDING-AUTHORING
B/3/3.1/MIDD plan and model inventory	B	Evidence strategy	Programme planning	MIDD plan and model inventory	gap	OWN-SKILL (new; was asset-only)	NONE	Next	shared/assets/review-rubric-library.md	Promote from shared asset to skill: shared/assets/review-rubric-library.md	skill	self	Please review the materials for MIDD plan and model inventory and produce a sourced finding register — do not decide the clinical or regulatory outcome.	Primary package for MIDD plan and model inventory	Source-linked finding register with denominators	Decide the outcome of MIDD plan and model inventory; approve or submit related documents; select or adjust a dose; speak for the sponsor to an agency	RECORDED
B/3/3.1/Target product profile inputs	B	Evidence strategy	Programme planning	Target product profile inputs	gap	OWN-SKILL (new)	NONE	Next		Default L3 = own skill	skill	self	Please review the materials for Target product profile inputs and produce a sourced finding register — do not decide the clinical or regulatory outcome.	Primary package for Target product profile inputs	Source-linked finding register with denominators	Decide the outcome of Target product profile inputs; approve or submit related documents; select or adjust a dose; speak for the sponsor to an agency	RECORDED
B/3/3.2/Study versus model versus waiver decisions	B	Evidence strategy	Evidence routing	Study versus model versus waiver decisions	gap	OWN-SKILL (new; was oos)	NONE	Next	skills/assess-development-plan-gaps	In product; build Next/Later	skill	self	Please review the materials for Study versus model versus waiver decisions and produce a sourced finding register — do not decide the clinical or regulatory outcome.	Primary package for Study versus model versus waiver decisions	Source-linked finding register with denominators	Decide the outcome of Study versus model versus waiver decisions; approve or submit related documents; select or adjust a dose; speak for the sponsor to an agency	RECORDED
B/3/3.2/Special-population strategy	B	Evidence strategy	Evidence routing	Special-population strategy	skill	OWN-SKILL (exists)	NONE	Now		Package present: assess-development-plan-gaps. Keep; narrow/split if fat.	skill	self					PENDING-AUTHORING
B/3/3.2/Modality applicability	B	Evidence strategy	Evidence routing	Modality applicability	gap	OWN-SKILL (new)	NONE	Next		Default L3 = own skill	skill	self	Please review the materials for Modality applicability and produce a sourced finding register — do not decide the clinical or regulatory outcome.	Primary package for Modality applicability	Source-linked finding register with denominators	Decide the outcome of Modality applicability; approve or submit related documents; select or adjust a dose; speak for the sponsor to an agency	RECORDED
B/3/3.3/Guidance surveillance and impact assessment	B	Evidence strategy	External intelligence	Guidance surveillance and impact assessment	gap	OWN-SKILL (new; was asset-only)	NONE	Next	shared/assets/guidance-index.md	Promote from shared asset to skill: shared/assets/guidance-index.md	skill	self	Please review the materials for Guidance surveillance and impact assessment and produce a sourced finding register — do not decide the clinical or regulatory outcome.	Primary package for Guidance surveillance and impact assessment	Source-linked finding register with denominators	Decide the outcome of Guidance surveillance and impact assessment; approve or submit related documents; select or adjust a dose; speak for the sponsor to an agency	RECORDED
B/3/3.3/Regulatory precedent analysis	B	Evidence strategy	External intelligence	Regulatory precedent analysis	gap	OWN-SKILL (new)	NONE	Next		Default L3 = own skill	skill	self	Please review the materials for Regulatory precedent analysis and produce a sourced finding register — do not decide the clinical or regulatory outcome.	Primary package for Regulatory precedent analysis	Source-linked finding register with denominators	Decide the outcome of Regulatory precedent analysis; approve or submit related documents; select or adjust a dose; speak for the sponsor to an agency	RECORDED
B/3/3.3/Competitive landscape	B	Evidence strategy	External intelligence	Competitive landscape	gap	OWN-SKILL (new)	NONE	Next		Default L3 = own skill	skill	self	Please review the materials for Competitive landscape and produce a sourced finding register — do not decide the clinical or regulatory outcome.	Primary package for Competitive landscape	Source-linked finding register with denominators	Decide the outcome of Competitive landscape; approve or submit related documents; select or adjust a dose; speak for the sponsor to an agency	RECORDED
B/3/3.4/Due diligence and in-licensing	B	Evidence strategy	Asset evaluation	Due diligence and in-licensing	gap	OWN-SKILL (new)	NONE	Next		Default L3 = own skill	skill	self	Please review the materials for Due diligence and in-licensing and produce a sourced finding register — do not decide the clinical or regulatory outcome.	Primary package for Due diligence and in-licensing	Source-linked finding register with denominators	Decide the outcome of Due diligence and in-licensing; approve or submit related documents; select or adjust a dose; speak for the sponsor to an agency	RECORDED
B/4/4.1/Nonclinical synthesis for human readiness	B	Translation and first-in-human	Human dose prediction	Nonclinical synthesis for human readiness	gap	OWN-SKILL (new; loads module)	NONE	Next	shared/modules/first-in-human.md	Own skill for this L3; keep module/tool as knowledge: shared/modules/first-in-human.md	skill	self	Please review the materials for Nonclinical synthesis for human readiness and produce a sourced finding register — do not decide the clinical or regulatory outcome.	Primary package for Nonclinical synthesis for human readiness	Source-linked finding register with denominators	Decide the outcome of Nonclinical synthesis for human readiness; approve or submit related documents; select or adjust a dose; speak for the sponsor to an agency	RECORDED
B/4/4.1/Human PK prediction - allometry, IVIVE, PBPK	B	Translation and first-in-human	Human dose prediction	Human PK prediction - allometry, IVIVE, PBPK	skill	OWN-SKILL (exists)	NONE	Now		Package present: review-human-pk-prediction. Keep; narrow/split if fat.	skill	self					PENDING-AUTHORING
B/4/4.2/NOAEL to HED to MRSD	B	Translation and first-in-human	Starting dose	NOAEL to HED to MRSD	gap	OWN-SKILL (new; wraps tool)	NONE	Next	shared/tools/mrsd_calculator.py; skills/review-fih-dose-rationale	Own skill journey wrapping tool: shared/tools/mrsd_calculator.py; skills/review-fih-dose-rationale	skill	self	Please review the materials for NOAEL to HED to MRSD and produce a sourced finding register — do not decide the clinical or regulatory outcome.	Primary package for NOAEL to HED to MRSD	Source-linked finding register with denominators	Decide the outcome of NOAEL to HED to MRSD; approve or submit related documents; select or adjust a dose; speak for the sponsor to an agency	RECORDED
B/4/4.2/MABEL and pharmacologically active dose	B	Translation and first-in-human	Starting dose	MABEL and pharmacologically active dose	skill	OWN-SKILL (exists)	NONE	Now		Package present: review-fih-dose-rationale. Keep; narrow/split if fat.	skill	self					PENDING-AUTHORING
B/4/4.2/Safety margins against toxicology exposures	B	Translation and first-in-human	Starting dose	Safety margins against toxicology exposures	gap	OWN-SKILL (new; loads module)	NONE	Next	shared/modules/first-in-human.md	Own skill for this L3; keep module/tool as knowledge: shared/modules/first-in-human.md	skill	self	Please review the materials for Safety margins against toxicology exposures and produce a sourced finding register — do not decide the clinical or regulatory outcome.	Primary package for Safety margins against toxicology exposures	Source-linked finding register with denominators	Decide the outcome of Safety margins against toxicology exposures; approve or submit related documents; select or adjust a dose; speak for the sponsor to an agency	RECORDED
B/4/4.3/Escalation schema, sentinel and staggered dosing	B	Translation and first-in-human	Escalation design	Escalation schema, sentinel and staggered dosing	skill	OWN-SKILL (exists)	NONE	Now		Package present: review-fih-dose-rationale. Keep; narrow/split if fat.	skill	self					PENDING-AUTHORING
B/4/4.3/Exposure cap and stopping rules	B	Translation and first-in-human	Escalation design	Exposure cap and stopping rules	gap	OWN-SKILL (new; loads module)	NONE	Next	shared/modules/first-in-human.md	Own skill for this L3; keep module/tool as knowledge: shared/modules/first-in-human.md	skill	self	Please review the materials for Exposure cap and stopping rules and produce a sourced finding register — do not decide the clinical or regulatory outcome.	Primary package for Exposure cap and stopping rules	Source-linked finding register with denominators	Decide the outcome of Exposure cap and stopping rules; approve or submit related documents; select or adjust a dose; speak for the sponsor to an agency	RECORDED
B/4/4.4/Biomarker and target-engagement strategy	B	Translation and first-in-human	Translational measurement	Biomarker and target-engagement strategy	gap	OWN-SKILL (new)	NONE	Next		Default L3 = own skill	skill	self	Please review the materials for Biomarker and target-engagement strategy and produce a sourced finding register — do not decide the clinical or regulatory outcome.	Primary package for Biomarker and target-engagement strategy	Source-linked finding register with denominators	Decide the outcome of Biomarker and target-engagement strategy; approve or submit related documents; select or adjust a dose; speak for the sponsor to an agency	RECORDED
B/5/5.1/Study concept and objectives	B	Study delivery	Design	Study concept and objectives	skill	OWN-SKILL (exists)	NONE	Now		Package present: review-protocol-pk-sections. Keep; narrow/split if fat.	skill	self					PENDING-AUTHORING
B/5/5.1/Protocol clinical pharmacology sections	B	Study delivery	Design	Protocol clinical pharmacology sections	skill	OWN-SKILL (exists)	NONE	Now		Package present: review-protocol-pk-sections. Keep; narrow/split if fat.	skill	self					PENDING-AUTHORING
B/5/5.1/PK/PD sampling schedule	B	Study delivery	Design	PK/PD sampling schedule	skill	OWN-SKILL (exists)	NONE	Now		Package present: review-protocol-pk-sections. Keep; narrow/split if fat.	skill	self					PENDING-AUTHORING
B/5/5.1/Bioanalytical plan	B	Study delivery	Design	Bioanalytical plan	skill	OWN-SKILL (exists)	NONE	Now		Package present: review-protocol-pk-sections. Keep; narrow/split if fat.	skill	self					PENDING-AUTHORING
B/5/5.2/PK analysis plan and SAP contribution	B	Study delivery	Analysis specification	PK analysis plan and SAP contribution	skill	OWN-SKILL (exists)	NONE	Now		Package present: review-protocol-pk-sections. Keep; narrow/split if fat.	skill	self					PENDING-AUTHORING
B/5/5.2/BLQ, actual-versus-nominal times, exclusion rules	B	Study delivery	Analysis specification	BLQ, actual-versus-nominal times, exclusion rules	skill	OWN-SKILL (exists)	NONE	Now		Package present: verify-nca-outputs. Keep; narrow/split if fat.	skill	self					PENDING-AUTHORING
B/5/5.3/Escalation and safety-committee data packages	B	Study delivery	Conduct oversight	Escalation and safety-committee data packages	skill	OWN-SKILL (exists)	NONE	Now		Package present: review-study-conduct-pk. Keep; narrow/split if fat.	skill	self					PENDING-AUTHORING
B/5/5.3/Interim and blinded PK review	B	Study delivery	Conduct oversight	Interim and blinded PK review	skill	OWN-SKILL (exists)	NONE	Now		Package present: review-study-conduct-pk. Keep; narrow/split if fat.	skill	self					PENDING-AUTHORING
B/5/5.3/Deviation and sampling-compliance impact	B	Study delivery	Conduct oversight	Deviation and sampling-compliance impact	skill	OWN-SKILL (exists)	NONE	Now		Package present: review-study-conduct-pk. Keep; narrow/split if fat.	skill	self					PENDING-AUTHORING
B/5/5.3/Protocol amendment impact	B	Study delivery	Conduct oversight	Protocol amendment impact	skill	OWN-SKILL (exists)	NONE	Now		Package present: review-protocol-pk-sections. Keep; narrow/split if fat.	skill	self					PENDING-AUTHORING
B/5/5.4/NCA oversight and dual-control QC	B	Study delivery	Analysis oversight	NCA oversight and dual-control QC	skill	OWN-SKILL (exists)	NONE	Now		Package present: verify-nca-outputs. Keep; narrow/split if fat.	skill	self					PENDING-AUTHORING
B/5/5.4/Pharmacometrics deliverable review and sign-off	B	Study delivery	Analysis oversight	Pharmacometrics deliverable review and sign-off	skill	OWN-SKILL (exists)	NONE	Now		Package present: review-model-analysis-deliverable. Keep; narrow/split if fat.	skill	self					PENDING-AUTHORING
B/5/5.5/Topline interpretation and team readout	B	Study delivery	Reporting	Topline interpretation and team readout	gap	OWN-SKILL (new)	NONE	Next		Default L3 = own skill	skill	self	Please review the materials for Topline interpretation and team readout and produce a sourced finding register — do not decide the clinical or regulatory outcome.	Primary package for Topline interpretation and team readout	Source-linked finding register with denominators	Decide the outcome of Topline interpretation and team readout; approve or submit related documents; select or adjust a dose; speak for the sponsor to an agency	RECORDED
B/5/5.5/CSR PK sections and consistency QC	B	Study delivery	Reporting	CSR PK sections and consistency QC	skill	OWN-SKILL (exists)	NONE	Now		Package present: review-csr-pk-consistency. Keep; narrow/split if fat.	skill	self					PENDING-AUTHORING
B/6/6.1/In-vitro DDI package	B	Characterisation studies	Interaction	In-vitro DDI package	skill	OWN-SKILL (exists)	NONE	Now		Package present: review-ddi-evidence. Keep; narrow/split if fat.	skill	self					PENDING-AUTHORING
B/6/6.1/Clinical DDI studies	B	Characterisation studies	Interaction	Clinical DDI studies	skill	OWN-SKILL (exists)	NONE	Now		Package present: review-ddi-evidence. Keep; narrow/split if fat.	skill	self					PENDING-AUTHORING
B/6/6.1/DDI management strategy	B	Characterisation studies	Interaction	DDI management strategy	skill	OWN-SKILL (exists)	NONE	Now		Package present: review-ddi-evidence. Keep; narrow/split if fat.	skill	self					PENDING-AUTHORING
B/6/6.1/Food effect and gastric pH / acid-reducing agents	B	Characterisation studies	Interaction	Food effect and gastric pH / acid-reducing agents	gap	OWN-SKILL (new; loads module)	NONE	Next	shared/modules/food-effect.md	Own skill for this L3; keep module/tool as knowledge: shared/modules/food-effect.md	skill	self	Please review the materials for Food effect and gastric pH / acid-reducing agents and produce a sourced finding register — do not decide the clinical or regulatory outcome.	Primary package for Food effect and gastric pH / acid-reducing agents	Source-linked finding register with denominators	Decide the outcome of Food effect and gastric pH / acid-reducing agents; approve or submit related documents; select or adjust a dose; speak for the sponsor to an agency	RECORDED
B/6/6.2/Renal impairment	B	Characterisation studies	Organ impairment	Renal impairment	gap	OWN-SKILL (new; loads module)	NONE	Next	shared/modules/renal-impairment.md; shared/tools/renal_staging.py	Own skill for this L3; keep module/tool as knowledge: shared/modules/renal-impairment.md; shared/tools/renal_staging.py	skill	self	Please review the materials for Renal impairment and produce a sourced finding register — do not decide the clinical or regulatory outcome.	Primary package for Renal impairment	Source-linked finding register with denominators	Decide the outcome of Renal impairment; approve or submit related documents; select or adjust a dose; speak for the sponsor to an agency	RECORDED
B/6/6.2/Hepatic impairment	B	Characterisation studies	Organ impairment	Hepatic impairment	gap	OWN-SKILL (new; loads module)	NONE	Next	shared/modules/hepatic-impairment.md	Own skill for this L3; keep module/tool as knowledge: shared/modules/hepatic-impairment.md	skill	self	Please review the materials for Hepatic impairment and produce a sourced finding register — do not decide the clinical or regulatory outcome.	Primary package for Hepatic impairment	Source-linked finding register with denominators	Decide the outcome of Hepatic impairment; approve or submit related documents; select or adjust a dose; speak for the sponsor to an agency	RECORDED
B/6/6.2/Dialysis and organ replacement	B	Characterisation studies	Organ impairment	Dialysis and organ replacement	gap	OWN-SKILL (new; loads module)	NONE	Next	shared/modules/renal-impairment.md	Own skill for this L3; keep module/tool as knowledge: shared/modules/renal-impairment.md	skill	self	Please review the materials for Dialysis and organ replacement and produce a sourced finding register — do not decide the clinical or regulatory outcome.	Primary package for Dialysis and organ replacement	Source-linked finding register with denominators	Decide the outcome of Dialysis and organ replacement; approve or submit related documents; select or adjust a dose; speak for the sponsor to an agency	RECORDED
B/6/6.3/Age, sex and body size	B	Characterisation studies	Population factors	Age, sex and body size	skill	OWN-SKILL (exists)	NONE	Now		Package present: prepare-dose-justification-evidence. Keep; narrow/split if fat.	skill	self					PENDING-AUTHORING
B/6/6.3/Obesity	B	Characterisation studies	Population factors	Obesity	gap	OWN-SKILL (new)	NONE	Next		Default L3 = own skill	skill	self	Please review the materials for Obesity and produce a sourced finding register — do not decide the clinical or regulatory outcome.	Primary package for Obesity	Source-linked finding register with denominators	Decide the outcome of Obesity; approve or submit related documents; select or adjust a dose; speak for the sponsor to an agency	RECORDED
B/6/6.3/Pregnancy and lactation	B	Characterisation studies	Population factors	Pregnancy and lactation	gap	OWN-SKILL (new)	NONE	Next		Default L3 = own skill	skill	self	Please review the materials for Pregnancy and lactation and produce a sourced finding register — do not decide the clinical or regulatory outcome.	Primary package for Pregnancy and lactation	Source-linked finding register with denominators	Decide the outcome of Pregnancy and lactation; approve or submit related documents; select or adjust a dose; speak for the sponsor to an agency	RECORDED
B/6/6.3/Paediatric	B	Characterisation studies	Population factors	Paediatric	gap	OWN-SKILL (new; loads module)	NONE	Next	shared/modules/pediatric-pk-extrapolation.md	Own skill for this L3; keep module/tool as knowledge: shared/modules/pediatric-pk-extrapolation.md	skill	self	Please review the materials for Paediatric and produce a sourced finding register — do not decide the clinical or regulatory outcome.	Primary package for Paediatric	Source-linked finding register with denominators	Decide the outcome of Paediatric; approve or submit related documents; select or adjust a dose; speak for the sponsor to an agency	RECORDED
B/6/6.3/Pharmacogenomics	B	Characterisation studies	Population factors	Pharmacogenomics	skill	OWN-SKILL (exists)	NONE	Now		Package present: prepare-dose-justification-evidence. Keep; narrow/split if fat.	skill	self					PENDING-AUTHORING
B/6/6.3/Ethnic sensitivity and ICH E5 bridging	B	Characterisation studies	Population factors	Ethnic sensitivity and ICH E5 bridging	gap	OWN-SKILL (new)	NONE	Next		Default L3 = own skill	skill	self	Please review the materials for Ethnic sensitivity and ICH E5 bridging and produce a sourced finding register — do not decide the clinical or regulatory outcome.	Primary package for Ethnic sensitivity and ICH E5 bridging	Source-linked finding register with denominators	Decide the outcome of Ethnic sensitivity and ICH E5 bridging; approve or submit related documents; select or adjust a dose; speak for the sponsor to an agency	RECORDED
B/6/6.4/Biopharmaceutics, BA/BE and formulation bridging	B	Characterisation studies	Product factors	Biopharmaceutics, BA/BE and formulation bridging	gap	OWN-SKILL (new; loads module)	NONE	Next	shared/modules/ba-be-formulation-bridging.md	Own skill for this L3; keep module/tool as knowledge: shared/modules/ba-be-formulation-bridging.md	skill	self	Please review the materials for Biopharmaceutics, BA/BE and formulation bridging and produce a sourced finding register — do not decide the clinical or regulatory outcome.	Primary package for Biopharmaceutics, BA/BE and formulation bridging	Source-linked finding register with denominators	Decide the outcome of Biopharmaceutics, BA/BE and formulation bridging; approve or submit related documents; select or adjust a dose; speak for the sponsor to an agency	RECORDED
B/6/6.4/Model-supported biowaiver justification	B	Characterisation studies	Product factors	Model-supported biowaiver justification	gap	OWN-SKILL (new; was oos)	NONE	Next		In product; build Next/Later	skill	self	Please review the materials for Model-supported biowaiver justification and produce a sourced finding register — do not decide the clinical or regulatory outcome.	Primary package for Model-supported biowaiver justification	Source-linked finding register with denominators	Decide the outcome of Model-supported biowaiver justification; approve or submit related documents; select or adjust a dose; speak for the sponsor to an agency	RECORDED
B/6/6.5/QT and concentration-QTc	B	Characterisation studies	Cardiac and immune	QT and concentration-QTc	gap	OWN-SKILL (new; loads module)	NONE	Next	shared/modules/qt-assessment.md	Own skill for this L3; keep module/tool as knowledge: shared/modules/qt-assessment.md	skill	self	Please review the materials for QT and concentration-QTc and produce a sourced finding register — do not decide the clinical or regulatory outcome.	Primary package for QT and concentration-QTc	Source-linked finding register with denominators	Decide the outcome of QT and concentration-QTc; approve or submit related documents; select or adjust a dose; speak for the sponsor to an agency	RECORDED
B/6/6.5/Immunogenicity impact on PK	B	Characterisation studies	Cardiac and immune	Immunogenicity impact on PK	gap	OWN-SKILL (new; loads module)	NONE	Next	shared/modules/immunogenicity-ada.md	Own skill for this L3; keep module/tool as knowledge: shared/modules/immunogenicity-ada.md	skill	self	Please review the materials for Immunogenicity impact on PK and produce a sourced finding register — do not decide the clinical or regulatory outcome.	Primary package for Immunogenicity impact on PK	Source-linked finding register with denominators	Decide the outcome of Immunogenicity impact on PK; approve or submit related documents; select or adjust a dose; speak for the sponsor to an agency	RECORDED
B/7/7.1/Dose-ranging design input	B	Dose and regimen decisions	Dose finding	Dose-ranging design input	gap	OWN-SKILL (new; loads module)	NONE	Next	shared/modules/oncology-dose-optimization.md	Own skill for this L3; keep module/tool as knowledge: shared/modules/oncology-dose-optimization.md	skill	self	Please review the materials for Dose-ranging design input and produce a sourced finding register — do not decide the clinical or regulatory outcome.	Primary package for Dose-ranging design input	Source-linked finding register with denominators	Decide the outcome of Dose-ranging design input; approve or submit related documents; select or adjust a dose; speak for the sponsor to an agency	RECORDED
B/7/7.1/Oncology dose optimisation	B	Dose and regimen decisions	Dose finding	Oncology dose optimisation	gap	OWN-SKILL (new; was oos)	NONE	Next	shared/modules/oncology-dose-optimization.md	In product; build Next/Later	skill	self	Please review the materials for Oncology dose optimisation and produce a sourced finding register — do not decide the clinical or regulatory outcome.	Primary package for Oncology dose optimisation	Source-linked finding register with denominators	Decide the outcome of Oncology dose optimisation; approve or submit related documents; select or adjust a dose; speak for the sponsor to an agency	RECORDED
B/7/7.2/For efficacy	B	Dose and regimen decisions	Exposure-response interpretation	For efficacy	gap	OWN-SKILL (refuse-boundary)	NONE	Next	skills/prepare-dose-justification-evidence	Own skill; prepare only — refuse decide/sign/negotiate	skill	self	Please review the materials for For efficacy and produce a sourced finding register — do not decide the clinical or regulatory outcome.	Primary package for For efficacy	Source-linked finding register with denominators	Decide the outcome of For efficacy; approve or submit related documents; select or adjust a dose; speak for the sponsor to an agency	RECORDED
B/7/7.2/For safety	B	Dose and regimen decisions	Exposure-response interpretation	For safety	gap	OWN-SKILL (refuse-boundary)	NONE	Next	skills/prepare-dose-justification-evidence	Own skill; prepare only — refuse decide/sign/negotiate	skill	self	Please review the materials for For safety and produce a sourced finding register — do not decide the clinical or regulatory outcome.	Primary package for For safety	Source-linked finding register with denominators	Decide the outcome of For safety; approve or submit related documents; select or adjust a dose; speak for the sponsor to an agency	RECORDED
B/7/7.2/Clinical meaningfulness of covariate effects	B	Dose and regimen decisions	Exposure-response interpretation	Clinical meaningfulness of covariate effects	gap	OWN-SKILL (refuse-boundary)	NONE	Next	shared/modules/biologics-mab-pk.md	Own skill; prepare only — refuse decide/sign/negotiate	skill	self	Please review the materials for Clinical meaningfulness of covariate effects and produce a sourced finding register — do not decide the clinical or regulatory outcome.	Primary package for Clinical meaningfulness of covariate effects	Source-linked finding register with denominators	Decide the outcome of Clinical meaningfulness of covariate effects; approve or submit related documents; select or adjust a dose; speak for the sponsor to an agency	RECORDED
B/7/7.3/Fixed versus weight-based dosing	B	Dose and regimen decisions	Regimen construction	Fixed versus weight-based dosing	gap	OWN-SKILL (new; loads module)	NONE	Next	shared/modules/biologics-mab-pk.md	Own skill for this L3; keep module/tool as knowledge: shared/modules/biologics-mab-pk.md	skill	self	Please review the materials for Fixed versus weight-based dosing and produce a sourced finding register — do not decide the clinical or regulatory outcome.	Primary package for Fixed versus weight-based dosing	Source-linked finding register with denominators	Decide the outcome of Fixed versus weight-based dosing; approve or submit related documents; select or adjust a dose; speak for the sponsor to an agency	RECORDED
B/7/7.3/Dose-modification scheme	B	Dose and regimen decisions	Regimen construction	Dose-modification scheme	skill	OWN-SKILL (exists)	NONE	Now		Package present: prepare-dose-justification-evidence. Keep; narrow/split if fat.	skill	self					PENDING-AUTHORING
B/7/7.3/Paediatric dose selection	B	Dose and regimen decisions	Regimen construction	Paediatric dose selection	gap	OWN-SKILL (refuse-boundary)	NONE	Next	shared/modules/pediatric-pk-extrapolation.md	Own skill; prepare only — refuse decide/sign/negotiate	skill	self	Please review the materials for Paediatric dose selection and produce a sourced finding register — do not decide the clinical or regulatory outcome.	Primary package for Paediatric dose selection	Source-linked finding register with denominators	Decide the outcome of Paediatric dose selection; approve or submit related documents; select or adjust a dose; speak for the sponsor to an agency	RECORDED
B/7/7.3/Therapeutic drug monitoring and precision dosing	B	Dose and regimen decisions	Regimen construction	Therapeutic drug monitoring and precision dosing	gap	OWN-SKILL (new)	NONE	Next		Default L3 = own skill	skill	self	Please review the materials for Therapeutic drug monitoring and precision dosing and produce a sourced finding register — do not decide the clinical or regulatory outcome.	Primary package for Therapeutic drug monitoring and precision dosing	Source-linked finding register with denominators	Decide the outcome of Therapeutic drug monitoring and precision dosing; approve or submit related documents; select or adjust a dose; speak for the sponsor to an agency	RECORDED
B/7/7.4/Registration dose justification	B	Dose and regimen decisions	Justification	Registration dose justification	skill	OWN-SKILL (exists)	NONE	Now		Package present: prepare-dose-justification-evidence. Keep; narrow/split if fat.	skill	self					PENDING-AUTHORING
B/7/7.4/MIDD regulatory engagement package	B	Dose and regimen decisions	Justification	MIDD regulatory engagement package	skill	OWN-SKILL (exists)	NONE	Now		Package present: prepare-briefing-package-content. Keep; narrow/split if fat.	skill	self					PENDING-AUTHORING
B/8/8.1/IND / CTA / IMPD clinical pharmacology content	B	Regulatory evidence package	Early submission	IND / CTA / IMPD clinical pharmacology content	skill	OWN-SKILL (exists)	NONE	Now		Package present: extract-embedded-ind-impd-cp-content. Keep; narrow/split if fat.	skill	self					PENDING-AUTHORING
B/8/8.1/Investigator's Brochure PK section	B	Regulatory evidence package	Early submission	Investigator's Brochure PK section	skill	OWN-SKILL (exists)	NONE	Now		Package present: check-investigators-brochure-pk-section. Keep; narrow/split if fat.	skill	self					PENDING-AUTHORING
B/8/8.2/DSUR and annual report contribution	B	Regulatory evidence package	Periodic reporting	DSUR and annual report contribution	skill	OWN-SKILL (exists)	NONE	Now		Package present: reconcile-dsur-annual-report-coverage. Keep; narrow/split if fat.	skill	self					PENDING-AUTHORING
B/8/8.3/CTD 2.7.1 biopharmaceutics	B	Regulatory evidence package	Application summaries	CTD 2.7.1 biopharmaceutics	gap	OWN-SKILL (new)	NONE	Next		Default L3 = own skill	skill	self	Review this draft 2.7.1 biopharmaceutics summary against the BA/BE CSRs and flag missing studies.	Draft CTD 2.7.1	Source-linked finding register with denominators	Approve Module 2 text for filing; decide bioequivalence; rewrite biopharmaceutics claims for style	RECORDED
B/8/8.3/CTD 2.7.2 clinical pharmacology	B	Regulatory evidence package	Application summaries	CTD 2.7.2 clinical pharmacology	skill	OWN-SKILL (exists)	NONE	Now		Package present: review-ctd-272-content. Keep; narrow/split if fat.	skill	self					PENDING-AUTHORING
B/8/8.3/CTD 2.5 clinical overview	B	Regulatory evidence package	Application summaries	CTD 2.5 clinical overview	gap	OWN-SKILL (new)	NONE	Next		Default L3 = own skill	skill	self	Check the clinical pharmacology parts of this Module 2.5 overview against 2.7.2 and the CSRs.	Draft Module 2.5	Source-linked finding register with denominators	Author Module 2.5 prose; decide benefit–risk; approve overview for submission	RECORDED
B/8/8.3/CTD 2.7.3.4 and 2.7.4 exposure-safety	B	Regulatory evidence package	Application summaries	CTD 2.7.3.4 and 2.7.4 exposure-safety	skill	OWN-SKILL (exists)	NONE	Now		Package present: review-ctd-272-content. Keep; narrow/split if fat.	skill	self					PENDING-AUTHORING
B/8/8.3/CTD 2.7.6 study synopses	B	Regulatory evidence package	Application summaries	CTD 2.7.6 study synopses	gap	OWN-SKILL (new)	NONE	Next		Default L3 = own skill	skill	self	Reconcile these 2.7.6 PK study synopses to the CSR synopses and list any missing CP studies.	Draft 2.7.6 synopses for CP studies	Source-linked finding register with denominators	Write synopses; decide which studies to omit from the dossier	RECORDED
B/8/8.4/Module 5 placement	B	Regulatory evidence package	Submission mechanics	Module 5 placement	gap	OWN-SKILL (new; wraps tool)	NONE	Next	shared/tools/ctd_placement.py; skills/review-ctd-272-content	Own skill journey wrapping tool: shared/tools/ctd_placement.py; skills/review-ctd-272-content	skill	self	Review this Module 5 placement matrix for clinical pharmacology studies and flag orphans versus 2.7.2 citations.	Module 5 TOC / placement matrix	Source-linked finding register with denominators	Decide final eCTD leaf titles; submit the sequence	RECORDED
B/8/8.4/Submission datasets and define.xml	B	Regulatory evidence package	Submission mechanics	Submission datasets and define.xml	gap	OWN-SKILL (new)	NONE	Next		Default L3 = own skill	skill	self	Check whether these submission datasets and define.xml support the PK tables we cite in the CSR.	define.xml + dataset inventory	Source-linked finding register with denominators	Certify SDTM/ADaM compliance; approve datasets for FDA upload	RECORDED
B/8/8.4/Cross-document traceability	B	Regulatory evidence package	Submission mechanics	Cross-document traceability	skill	OWN-SKILL (exists)	NONE	Now	skills/reconcile-cross-document-facts; shared/tools/cross_document_consistency.py	Package present: reconcile-cross-document-facts; shared. Keep; narrow/split if fat.	skill	self					PENDING-AUTHORING
B/8/8.5/Assessment Aid applicant's position	B	Regulatory evidence package	Review-phase authoring	Assessment Aid applicant's position	gap	OWN-SKILL (new)	NONE	Next		Default L3 = own skill	skill	self	Prepare a sourced Assessment Aid position pack for the clinical pharmacology rows — do not invent answers.	Assessment Aid template / draft rows	Source-linked finding register with denominators	Decide the sponsor's negotiation position; submit the Aid	RECORDED
B/9/9.1/Meeting strategy and type selection	B	Agency engagement	Meeting preparation	Meeting strategy and type selection	gap	OWN-SKILL (new)	NONE	Next		Default L3 = own skill	skill	self	Structure a meeting strategy for our clinical pharmacology questions with evidence packs and human decision gates.	Draft questions / topics	Source-linked finding register with denominators	Predict agency answers; decide which concessions to offer	RECORDED
B/9/9.1/Briefing package content	B	Agency engagement	Meeting preparation	Briefing package content	skill	OWN-SKILL (exists)	NONE	Now		Package present: prepare-briefing-package-content. Keep; narrow/split if fat.	skill	self					PENDING-AUTHORING
B/9/9.1/Applicant's position authoring	B	Agency engagement	Meeting preparation	Applicant's position authoring	skill	OWN-SKILL (exists)	NONE	Now		Package present: prepare-briefing-package-content. Keep; narrow/split if fat.	skill	self					PENDING-AUTHORING
B/9/9.2/Representation and position defence	B	Agency engagement	Meeting execution	Representation and position defence	gap	OWN-SKILL (refuse-boundary)	NONE	Next		Own skill; prepare only — refuse decide/sign/negotiate	skill	self	Build a defence brief that traces our exposure–response position to sources and lists residual uncertainties.	Contested CP issue statement	Source-linked finding register with denominators	Decide whether to defend or concede; speak for the company to the agency	RECORDED
B/9/9.2/Minutes and commitment capture	B	Agency engagement	Meeting execution	Minutes and commitment capture	skill	OWN-SKILL (exists)	NONE	Now		Package present: reconcile-cross-document-facts. Keep; narrow/split if fat.	skill	self					PENDING-AUTHORING
B/9/9.3/Information-request and discipline-review response	B	Agency engagement	Review-cycle response	Information-request and discipline-review response	skill	OWN-SKILL (exists)	NONE	Now		Package present: map-agency-question-evidence. Keep; narrow/split if fat.	skill	self					PENDING-AUTHORING
B/9/9.4/PMR/PMC wording, design and timetable	B	Agency engagement	Commitment negotiation	PMR/PMC wording, design and timetable	gap	OWN-SKILL (new; was oos)	NONE	Next		In product; build Next/Later	skill	self	Review this PMR wording and timetable against the study concept — flag what is unmeasurable.	Draft PMR/PMC text	Source-linked finding register with denominators	Negotiate PMR language with the agency; approve the commitment	RECORDED
B/10/10.1/Section 12 pharmacology	B	Product information	US prescribing information	Section 12 pharmacology	skill	OWN-SKILL (exists)	NONE	Now	skills/review-uspi-section-12-content; shared/tools/label_conformance.py	Package present: review-uspi-section-12-content; shared. Keep; narrow/split if fat.	skill	self					PENDING-AUTHORING
B/10/10.1/Section 2 dosing basis	B	Product information	US prescribing information	Section 2 dosing basis	skill	OWN-SKILL (exists)	NONE	Now		Package present: review-uspi-section-12-content. Keep; narrow/split if fat.	skill	self					PENDING-AUTHORING
B/10/10.1/Section 7 interactions	B	Product information	US prescribing information	Section 7 interactions	skill	OWN-SKILL (exists)	NONE	Now		Package present: review-uspi-section-12-content. Keep; narrow/split if fat.	skill	self					PENDING-AUTHORING
B/10/10.1/Section 8 specific populations	B	Product information	US prescribing information	Section 8 specific populations	gap	OWN-SKILL (new; was oos)	NONE	Next	skills/review-uspi-section-12-content	In product; build Next/Later	skill	self	Review draft USPI Section 8 against the renal and hepatic CSRs and Section 12 numbers.	Draft USPI Section 8	Source-linked finding register with denominators	Decide labelled dose modifications; approve USPI text	RECORDED
B/10/10.2/EU SmPC 4.2 / 4.5 / 5.2	B	Product information	Other regions	EU SmPC 4.2 / 4.5 / 5.2	skill	OWN-SKILL (exists)	NONE	Now		Package present: review-eu-smpc-cp-sections. Keep; narrow/split if fat.	skill	self					PENDING-AUTHORING
B/10/10.2/Japan package insert sections 9, 10 and 16	B	Product information	Other regions	Japan package insert sections 9, 10 and 16	gap	OWN-SKILL (new)	NONE	Next		Default L3 = own skill	skill	self	Review Japan PI sections 9, 10 and 16 against the CCDS and flag inconsistencies — do not rewrite the Japanese text.	Draft JP PI sections 9/10/16	Source-linked finding register with denominators	Approve Japanese labelling; decide local deviations from the CCDS	RECORDED
B/10/10.2/Company core data sheet	B	Product information	Other regions	Company core data sheet	gap	OWN-SKILL (new)	NONE	Next		Default L3 = own skill	skill	self	Review the clinical pharmacology sections of this CCDS against the global evidence pack.	Draft or current CCDS	Source-linked finding register with denominators	Set company labelling policy; approve the CCDS	RECORDED
B/10/10.3/Labelling negotiation with the agency	B	Product information	Negotiation and maintenance	Labelling negotiation with the agency	gap	OWN-SKILL (new)	NONE	Next		Default L3 = own skill	skill	self	Prepare a labelling negotiation brief for the renal dose-modification wording with sources and open decisions for the labelling owner.	Contested label text list	Source-linked finding register with denominators	Negotiate with the agency; decide final labelled wording	RECORDED
B/10/10.3/Post-approval label updates	B	Product information	Negotiation and maintenance	Post-approval label updates	skill	OWN-SKILL (exists)	NONE	Now		Package present: review-uspi-section-12-content. Keep; narrow/split if fat.	skill	self					PENDING-AUTHORING
B/11/11.1/Post-approval change impact	B	Post-approval stewardship	Change assessment	Post-approval change impact	gap	OWN-SKILL (new)	NONE	Next		Default L3 = own skill	skill	self	Please review the materials for Post-approval change impact and produce a sourced finding register — do not decide the clinical or regulatory outcome.	Primary package for Post-approval change impact	Source-linked finding register with denominators	Decide the outcome of Post-approval change impact; approve or submit related documents; select or adjust a dose; speak for the sponsor to an agency	RECORDED
B/11/11.1/CMC change BA/BE assessment	B	Post-approval stewardship	Change assessment	CMC change BA/BE assessment	gap	OWN-SKILL (new)	NONE	Next		Default L3 = own skill	skill	self	Please review the materials for CMC change BA/BE assessment and produce a sourced finding register — do not decide the clinical or regulatory outcome.	Primary package for CMC change BA/BE assessment	Source-linked finding register with denominators	Decide the outcome of CMC change BA/BE assessment; approve or submit related documents; select or adjust a dose; speak for the sponsor to an agency	RECORDED
B/11/11.2/PMR/PMC execution and close-out	B	Post-approval stewardship	Commitments	PMR/PMC execution and close-out	gap	OWN-SKILL (new; was oos)	NONE	Next		In product; build Next/Later	skill	self	Please review the materials for PMR/PMC execution and close-out and produce a sourced finding register — do not decide the clinical or regulatory outcome.	Primary package for PMR/PMC execution and close-out	Source-linked finding register with denominators	Decide the outcome of PMR/PMC execution and close-out; approve or submit related documents; select or adjust a dose; speak for the sponsor to an agency	RECORDED
B/11/11.3/New indications and populations	B	Post-approval stewardship	Expansion	New indications and populations	gap	OWN-SKILL (new)	NONE	Next		Default L3 = own skill	skill	self	Please review the materials for New indications and populations and produce a sourced finding register — do not decide the clinical or regulatory outcome.	Primary package for New indications and populations	Source-linked finding register with denominators	Decide the outcome of New indications and populations; approve or submit related documents; select or adjust a dose; speak for the sponsor to an agency	RECORDED
B/11/11.3/Line extensions - routes, formulations, devices	B	Post-approval stewardship	Expansion	Line extensions - routes, formulations, devices	gap	OWN-SKILL (new)	NONE	Next		Default L3 = own skill	skill	self	Please review the materials for Line extensions - routes, formulations, devices and produce a sourced finding register — do not decide the clinical or regulatory outcome.	Primary package for Line extensions - routes, formulations, devices	Source-linked finding register with denominators	Decide the outcome of Line extensions - routes, formulations, devices; approve or submit related documents; select or adjust a dose; speak for the sponsor to an agency	RECORDED
B/11/11.4/Registry and real-world PK	B	Post-approval stewardship	Real-world evidence	Registry and real-world PK	gap	OWN-SKILL (new)	NONE	Next		Default L3 = own skill	skill	self	Please review the materials for Registry and real-world PK and produce a sourced finding register — do not decide the clinical or regulatory outcome.	Primary package for Registry and real-world PK	Source-linked finding register with denominators	Decide the outcome of Registry and real-world PK; approve or submit related documents; select or adjust a dose; speak for the sponsor to an agency	RECORDED
B/11/11.4/Drug utilisation and outcomes	B	Post-approval stewardship	Real-world evidence	Drug utilisation and outcomes	gap	OWN-SKILL (new)	NONE	Next		Default L3 = own skill	skill	self	Please review the materials for Drug utilisation and outcomes and produce a sourced finding register — do not decide the clinical or regulatory outcome.	Primary package for Drug utilisation and outcomes	Source-linked finding register with denominators	Decide the outcome of Drug utilisation and outcomes; approve or submit related documents; select or adjust a dose; speak for the sponsor to an agency	RECORDED
B/11/11.5/Living dose-rationale thread	B	Post-approval stewardship	Evidence maintenance	Living dose-rationale thread	gap	OWN-SKILL (new; was oos)	NONE	Next	skills/reconcile-cross-document-facts	In product; build Next/Later	skill	self	Please review the materials for Living dose-rationale thread and produce a sourced finding register — do not decide the clinical or regulatory outcome.	Primary package for Living dose-rationale thread	Source-linked finding register with denominators	Decide the outcome of Living dose-rationale thread; approve or submit related documents; select or adjust a dose; speak for the sponsor to an agency	RECORDED
C/12/12.1/Quantitative input to benefit-risk	C	Safety and risk interface	Exposure-safety	Quantitative input to benefit-risk	skill	OWN-SKILL (exists)	NONE	Now		Package present: structure-benefit-risk-effects-table. Keep; narrow/split if fat.	skill	self					PENDING-AUTHORING
C/12/12.1/DILI and organ-toxicity exposure margins	C	Safety and risk interface	Exposure-safety	DILI and organ-toxicity exposure margins	skill	OWN-SKILL (exists)	NONE	Now		Package present: review-exposure-safety-margins. Keep; narrow/split if fat.	skill	self					PENDING-AUTHORING
C/12/12.2/Signals with an exposure component	C	Safety and risk interface	Signal work	Signals with an exposure component	gap	OWN-SKILL (new)	NONE	Next		Default L3 = own skill	skill	self	Please review the materials for Signals with an exposure component and produce a sourced finding register — do not decide the clinical or regulatory outcome.	Primary package for Signals with an exposure component	Source-linked finding register with denominators	Decide the outcome of Signals with an exposure component; approve or submit related documents; select or adjust a dose; speak for the sponsor to an agency	RECORDED
C/12/12.2/Safety-committee exposure input	C	Safety and risk interface	Signal work	Safety-committee exposure input	skill	OWN-SKILL (exists)	NONE	Now		Package present: review-study-conduct-pk. Keep; narrow/split if fat.	skill	self					PENDING-AUTHORING
C/12/12.3/Reference safety information linkage	C	Safety and risk interface	Safety documentation	Reference safety information linkage	skill	OWN-SKILL (exists)	NONE	Now		Package present: reconcile-reference-safety-information. Keep; narrow/split if fat.	skill	self					PENDING-AUTHORING
C/12/12.3/Overdose and antidote guidance	C	Safety and risk interface	Safety documentation	Overdose and antidote guidance	gap	OWN-SKILL (new)	NONE	Next		Default L3 = own skill	skill	self	Please review the materials for Overdose and antidote guidance and produce a sourced finding register — do not decide the clinical or regulatory outcome.	Primary package for Overdose and antidote guidance	Source-linked finding register with denominators	Decide the outcome of Overdose and antidote guidance; approve or submit related documents; select or adjust a dose; speak for the sponsor to an agency	RECORDED
C/13/13.1/Consent for PK and genetic sampling	C	Participant protection and ethics	Consent and privacy	Consent for PK and genetic sampling	gap	OWN-SKILL (new)	NONE	Next		Default L3 = own skill	skill	self	Please review the materials for Consent for PK and genetic sampling and produce a sourced finding register — do not decide the clinical or regulatory outcome.	Primary package for Consent for PK and genetic sampling	Source-linked finding register with denominators	Decide the outcome of Consent for PK and genetic sampling; approve or submit related documents; select or adjust a dose; speak for the sponsor to an agency	RECORDED
C/13/13.1/Privacy in PK and pharmacogenomic datasets	C	Participant protection and ethics	Consent and privacy	Privacy in PK and pharmacogenomic datasets	gap	OWN-SKILL (new)	NONE	Next		Default L3 = own skill	skill	self	Please review the materials for Privacy in PK and pharmacogenomic datasets and produce a sourced finding register — do not decide the clinical or regulatory outcome.	Primary package for Privacy in PK and pharmacogenomic datasets	Source-linked finding register with denominators	Decide the outcome of Privacy in PK and pharmacogenomic datasets; approve or submit related documents; select or adjust a dose; speak for the sponsor to an agency	RECORDED
C/13/13.2/Vulnerable-population protection	C	Participant protection and ethics	Participant safety	Vulnerable-population protection	gap	OWN-SKILL (new)	NONE	Next		Default L3 = own skill	skill	self	Please review the materials for Vulnerable-population protection and produce a sourced finding register — do not decide the clinical or regulatory outcome.	Primary package for Vulnerable-population protection	Source-linked finding register with denominators	Decide the outcome of Vulnerable-population protection; approve or submit related documents; select or adjust a dose; speak for the sponsor to an agency	RECORDED
C/13/13.2/Sentinel dosing and subject-safety design	C	Participant protection and ethics	Participant safety	Sentinel dosing and subject-safety design	gap	OWN-SKILL (new; loads module)	NONE	Next	shared/modules/first-in-human.md	Own skill for this L3; keep module/tool as knowledge: shared/modules/first-in-human.md	skill	self	Please review the materials for Sentinel dosing and subject-safety design and produce a sourced finding register — do not decide the clinical or regulatory outcome.	Primary package for Sentinel dosing and subject-safety design	Source-linked finding register with denominators	Decide the outcome of Sentinel dosing and subject-safety design; approve or submit related documents; select or adjust a dose; speak for the sponsor to an agency	RECORDED
C/13/13.3/Ethics-committee interaction on CP content	C	Participant protection and ethics	Oversight	Ethics-committee interaction on CP content	gap	OWN-SKILL (new)	NONE	Next		Default L3 = own skill	skill	self	Please review the materials for Ethics-committee interaction on CP content and produce a sourced finding register — do not decide the clinical or regulatory outcome.	Primary package for Ethics-committee interaction on CP content	Source-linked finding register with denominators	Decide the outcome of Ethics-committee interaction on CP content; approve or submit related documents; select or adjust a dose; speak for the sponsor to an agency	RECORDED
C/14/14.1/HTA and payer exposure evidence	C	Access and value	Payer evidence	HTA and payer exposure evidence	gap	OWN-SKILL (new)	NONE	Next		Default L3 = own skill	skill	self	Please review the materials for HTA and payer exposure evidence and produce a sourced finding register — do not decide the clinical or regulatory outcome.	Primary package for HTA and payer exposure evidence	Source-linked finding register with denominators	Decide the outcome of HTA and payer exposure evidence; approve or submit related documents; select or adjust a dose; speak for the sponsor to an agency	RECORDED
C/14/14.1/Dose optimisation for cost and access	C	Access and value	Payer evidence	Dose optimisation for cost and access	gap	OWN-SKILL (new)	NONE	Next		Default L3 = own skill	skill	self	Please review the materials for Dose optimisation for cost and access and produce a sourced finding register — do not decide the clinical or regulatory outcome.	Primary package for Dose optimisation for cost and access	Source-linked finding register with denominators	Decide the outcome of Dose optimisation for cost and access; approve or submit related documents; select or adjust a dose; speak for the sponsor to an agency	RECORDED
C/14/14.2/Label differentiation	C	Access and value	Competitive position	Label differentiation	gap	OWN-SKILL (new)	NONE	Next		Default L3 = own skill	skill	self	Please review the materials for Label differentiation and produce a sourced finding register — do not decide the clinical or regulatory outcome.	Primary package for Label differentiation	Source-linked finding register with denominators	Decide the outcome of Label differentiation; approve or submit related documents; select or adjust a dose; speak for the sponsor to an agency	RECORDED
C/14/14.2/Biosimilar and generic defence	C	Access and value	Competitive position	Biosimilar and generic defence	gap	OWN-SKILL (new)	NONE	Next		Default L3 = own skill	skill	self	Please review the materials for Biosimilar and generic defence and produce a sourced finding register — do not decide the clinical or regulatory outcome.	Primary package for Biosimilar and generic defence	Source-linked finding register with denominators	Decide the outcome of Biosimilar and generic defence; approve or submit related documents; select or adjust a dose; speak for the sponsor to an agency	RECORDED
C/14/14.3/LMIC dosing and access considerations	C	Access and value	Global access	LMIC dosing and access considerations	gap	OWN-SKILL (new)	NONE	Next		Default L3 = own skill	skill	self	Please review the materials for LMIC dosing and access considerations and produce a sourced finding register — do not decide the clinical or regulatory outcome.	Primary package for LMIC dosing and access considerations	Source-linked finding register with denominators	Decide the outcome of LMIC dosing and access considerations; approve or submit related documents; select or adjust a dose; speak for the sponsor to an agency	RECORDED
C/15/15.1/Decision packages and go/no-go input	C	Function leadership and operations	Governance	Decision packages and go/no-go input	gap	OWN-SKILL (new; was oos)	NONE	Next		In product; build Next/Later	skill	self	Please review the materials for Decision packages and go/no-go input and produce a sourced finding register — do not decide the clinical or regulatory outcome.	Primary package for Decision packages and go/no-go input	Source-linked finding register with denominators	Decide the outcome of Decision packages and go/no-go input; approve or submit related documents; select or adjust a dose; speak for the sponsor to an agency	RECORDED
C/15/15.1/Cross-functional representation	C	Function leadership and operations	Governance	Cross-functional representation	gap	OWN-SKILL (refuse-boundary)	NONE	Next		Own skill; prepare only — refuse decide/sign/negotiate	boundary	BOUNDARY - The deliverable is a person in a room; there is no artifact for a skill to produce	outside the product domain	no CP evidence pack	no CP artifact	entire task is human	RECORDED
C/15/15.1/Portfolio review and timeline commitments	C	Function leadership and operations	Governance	Portfolio review and timeline commitments	gap	OWN-SKILL (new)	NONE	Next		Default L3 = own skill	skill	self	Please review the materials for Portfolio review and timeline commitments and produce a sourced finding register — do not decide the clinical or regulatory outcome.	Primary package for Portfolio review and timeline commitments	Source-linked finding register with denominators	Decide the outcome of Portfolio review and timeline commitments; approve or submit related documents; select or adjust a dose; speak for the sponsor to an agency	RECORDED
C/15/15.1/Safety and escalation committee documentation	C	Function leadership and operations	Governance	Safety and escalation committee documentation	skill	OWN-SKILL (exists)	NONE	Now		Package present: review-study-conduct-pk. Keep; narrow/split if fat.	skill	self					PENDING-AUTHORING
C/15/15.2/CRO and vendor qualification and oversight	C	Function leadership and operations	External partners	CRO and vendor qualification and oversight	gap	OWN-SKILL (new)	NONE	Next		Default L3 = own skill	skill	self	Please review the materials for CRO and vendor qualification and oversight and produce a sourced finding register — do not decide the clinical or regulatory outcome.	Primary package for CRO and vendor qualification and oversight	Source-linked finding register with denominators	Decide the outcome of CRO and vendor qualification and oversight; approve or submit related documents; select or adjust a dose; speak for the sponsor to an agency	RECORDED
C/15/15.2/Outsourcing scope, budget and deliverables	C	Function leadership and operations	External partners	Outsourcing scope, budget and deliverables	gap	OWN-SKILL (new; was oos)	NONE	Next		In product; build Next/Later	skill	self	Please review the materials for Outsourcing scope, budget and deliverables and produce a sourced finding register — do not decide the clinical or regulatory outcome.	Primary package for Outsourcing scope, budget and deliverables	Source-linked finding register with denominators	Decide the outcome of Outsourcing scope, budget and deliverables; approve or submit related documents; select or adjust a dose; speak for the sponsor to an agency	RECORDED
C/15/15.3/SOPs, templates and knowledge assets	C	Function leadership and operations	Quality system	SOPs, templates and knowledge assets	skill	OWN-SKILL (exists)	NONE	Now		Package present: build-work-context. Keep; narrow/split if fat.	skill	self	Please curate the materials for SOPs, templates and knowledge assets and produce a sourced finding register — do not decide the clinical or regulatory outcome.	Primary package for SOPs, templates and knowledge assets	Source-linked finding register with denominators	Decide the outcome of SOPs, templates and knowledge assets; approve or submit related documents; select or adjust a dose; speak for the sponsor to an agency	RECORDED
C/15/15.3/Inspection readiness and data integrity	C	Function leadership and operations	Quality system	Inspection readiness and data integrity	gap	OWN-SKILL (new)	NONE	Next		Default L3 = own skill	skill	self	Please review the materials for Inspection readiness and data integrity and produce a sourced finding register — do not decide the clinical or regulatory outcome.	Primary package for Inspection readiness and data integrity	Source-linked finding register with denominators	Decide the outcome of Inspection readiness and data integrity; approve or submit related documents; select or adjust a dose; speak for the sponsor to an agency	RECORDED
C/15/15.4/Hiring, mentoring and capability building	C	Function leadership and operations	People	Hiring, mentoring and capability building	gap	OWN-SKILL (refuse-boundary)	NONE	Next		Own skill; prepare only — refuse decide/sign/negotiate	boundary	BOUNDARY - People management, not clinical-pharmacology work product; no evidence pack to prepare	outside the product domain	no CP evidence pack	no CP artifact	entire task is human	RECORDED
C/15/15.5/Publications and congress presentations	C	Function leadership and operations	Scientific standing	Publications and congress presentations	gap	OWN-SKILL (new)	NONE	Next		Default L3 = own skill	skill	self	Please review the materials for Publications and congress presentations and produce a sourced finding register — do not decide the clinical or regulatory outcome.	Primary package for Publications and congress presentations	Source-linked finding register with denominators	Decide the outcome of Publications and congress presentations; approve or submit related documents; select or adjust a dose; speak for the sponsor to an agency	RECORDED
C/15/15.5/External scientific engagement	C	Function leadership and operations	Scientific standing	External scientific engagement	gap	OWN-SKILL (new; was oos)	NONE	Next		In product; build Next/Later	skill	self	Please review the materials for External scientific engagement and produce a sourced finding register — do not decide the clinical or regulatory outcome.	Primary package for External scientific engagement	Source-linked finding register with denominators	Decide the outcome of External scientific engagement; approve or submit related documents; select or adjust a dose; speak for the sponsor to an agency	RECORDED
C/15/15.5/Applied regulatory science contribution	C	Function leadership and operations	Scientific standing	Applied regulatory science contribution	gap	OWN-SKILL (new)	NONE	Next		Default L3 = own skill	skill	self	Please review the materials for Applied regulatory science contribution and produce a sourced finding register — do not decide the clinical or regulatory outcome.	Primary package for Applied regulatory science contribution	Source-linked finding register with denominators	Decide the outcome of Applied regulatory science contribution; approve or submit related documents; select or adjust a dose; speak for the sponsor to an agency	RECORDED
C/15/15.6/AI/ML workflow automation	C	Function leadership and operations	Modernisation	AI/ML workflow automation	gap	OWN-SKILL (new; was oos)	NONE	Later		In product; build Next/Later	skill	self	Please review the materials for AI/ML workflow automation and produce a sourced finding register — do not decide the clinical or regulatory outcome.	Primary package for AI/ML workflow automation	Source-linked finding register with denominators	Decide the outcome of AI/ML workflow automation; approve or submit related documents; select or adjust a dose; speak for the sponsor to an agency	RECORDED
